<?xml version="1.0" encoding="ISO-8859-1"?>
<metadata>
   <idinfo>
      <citation>
         <citeinfo>
            <origin>U.S. Department of Commerce, U.S. Census Bureau,
        Geography Division/Cartographic Products Branch</origin>
            <pubdate>201404</pubdate>
            <title>2013 Cartographic Boundary File, Region for United States,
        1:500,000</title>
            <geoform>vector digital
        data</geoform>
            <serinfo>
               <sername>Cartographic Boundary Files</sername>
               <issue>2013</issue>
            </serinfo>
            <onlink>http://www2.census.gov/geo/tiger/GENZ2013/REGION/cb_2013_us_region_500k.zip</onlink>
         </citeinfo>
      </citation>
      <descript>
         <abstract>The 2013 cartographic boundary shapefiles are simplified representations of selected
        geographic areas from the U.S. Census Bureau's Master Address File / Topologically
        Integrated Geographic Encoding and Referencing (MAF/TIGER) Database (MTDB). These boundary
        files are specifically designed for small-scale thematic mapping. When possible
        generalization is performed with the intent to maintain the hierarchical relationships among
        geographies and to maintain the alignment of geographies within a file set for a given year.
        Geographic areas may not align with the same areas from another year. Some geographies are
        available as nation-based shapefiles while others are available only as state-based
        files.</abstract>
         <purpose>These files were specifically created to support small-scale thematic mapping. To
        improve the appearance of shapes at small scales, areas are represented with fewer vertices
        than detailed TIGER/Line Shapefiles. Cartographic boundary files take up less disk space
        than their ungeneralized counterparts. Cartographic boundary files take less time to render
        on screen than TIGER/Line Shapefiles. You can join this shapefile with table data downloaded
        from American FactFinder by using the AFFGEOID field in the cartographic boundary file. If
        detailed boundaries are required, please use the TIGER/Line Shapefiles instead of the
        generalized cartographic boundary files. </purpose>
      </descript>
      <timeperd>
         <timeinfo>
            <rngdates>
               <begdate>201404</begdate>
               <enddate>201404</enddate>
            </rngdates>
         </timeinfo>
         <current>publication date</current>
      </timeperd>
      <status>
         <progress>Complete</progress>
         <update>None planned. No changes or updates will be made to this
        version of the cartographic boundary files. New versions of the cartographic boundary files
        will be produced on an annual release schedule. Types of geography released may vary from
        year to year.</update>
      </status>
      <spdom>
         <bounding>
            <westbc>172.000000</westbc>
            <eastbc>-65.221527</eastbc>
            <northbc>71.342941</northbc>
            <southbc>-14.605210 </southbc>
         </bounding>
      </spdom>
      <keywords>
         <theme>
            <themekt>None</themekt>
            <themekey>2013</themekey>
            <themekey>Cartographic Boundary</themekey>
            <themekey>Generalized</themekey>
            <themekey>Shapefile</themekey>
            <themekey>Region</themekey>
         </theme>
         <theme>
            <themekt>ISO 19115 Topic Categories</themekt>
            <themekey>Boundaries</themekey>
         </theme>
         <place>
            <placekt>INCITS 38:2009</placekt>
            <placekey>United States</placekey>
            <placekey>US</placekey>
         </place>
      </keywords>
      <accconst>None</accconst>
      <useconst>The intended display scale for this file is 1:500,000. This file should not be
        displayed at scales larger than 1:500,000. These products are free to use in a product or
        publication, however acknowledgement must be given to the U.S. Census Bureau as the source.
        The boundary information is for visual display at appropriate small scales only.
        Cartographic boundary files should not be used for geographic analysis including area or
        perimeter calculation. Files should not be used for geocoding addresses. Files should not be
        used for determining precise geographic area relationships.</useconst>
      <ptcontac>
         <cntinfo>
            <cntorgp>
               <cntorg>U.S. Department of Commerce, U.S. Census
        Bureau, Geography Division</cntorg>
            </cntorgp>
            <cntaddr>
               <addrtype>mailing</addrtype>
               <address>4600 Silver Hill Road</address>
               <city>Washington</city>
               <state>DC</state>
               <postal>20233-7400</postal>
               <country>United States</country>
            </cntaddr>
            <cntvoice>301.763.1128</cntvoice>
            <cntfax>301.763.4710</cntfax>
            <cntemail>geo.geography@census.gov</cntemail>
         </cntinfo>
      </ptcontac>
   </idinfo>
   <dataqual>
      <attracc>
         <attraccr>Accurate against American National Standards Institute (ANSI)
        Publication INCITS 446-2008 (Geographic Names Information System (GNIS)) at the 100% level        for the codes and base names present in the file. The remaining attribute information has
        been examined but has not been fully tested for accuracy.</attraccr>
      </attracc>
      <logic>The Census Bureau performed automated tests to ensure logical
        consistency of the source database. Segments making up the outer and inner boundaries of a
        polygon tie end-to-end to completely enclose the area. All polygons were tested for closure.
        The Census Bureau uses its internally developed geographic update system to enhance and
        modify spatial and attribute data in the Census MAF/TIGER database. Standard geographic
        codes, such as FIPS codes for states, counties, municipalities, county subdivisions, places,
        American Indian/Alaska Native/Native Hawaiian areas, and congressional districts are used
        when encoding spatial entities. The Census Bureau performed spatial data tests for logical
        consistency of the codes during the compilation of the original Census MAF/TIGER database
        files. Feature attribute information has been examined but has not been fully tested for
        consistency. For the cartographic boundary shapefiles, the Point and Vector Object Count for
        the G-polygon SDTS Point and Vector Object Type reflects the number of records in the
        shapefile attribute table. For multi-polygon features, only one attribute record exists for
        each multi-polygon rather than one attribute record per individual G-polygon component of
        the multi-polygon feature. TIGER/Line Shapefile multi-polygons are an exception to the
        G-polygon object type classification. Therefore, when multi-polygons exist in a shapefile,
        the object count will be less than the actual number of
        G-polygons.</logic>
      <complete>The cartographic boundary files are generalized representations of extracts
        taken from the MAF/TIGER Database. Generalized boundary files are clipped to a simplified
        version of the U.S. outline. As a result, some off-shore areas may be excluded from the
        generalized files. Some small holes or discontiguous parts of areas are not included in
        generalized files.</complete>
      <posacc>
         <horizpa>
            <horizpar>Data are not accurate. Data are generalized
        representations of geographic boundaries at
        1:500,000.</horizpar>
         </horizpa>
      </posacc>
      <lineage>
         <srcinfo>
            <srccite>
               <citeinfo>
                  <origin>U.S. Department of Commerce, U.S. Census Bureau,
        Geography Division</origin>
                  <pubdate>unpublished material</pubdate>
                  <title>Census MAF/TIGER database</title>
               </citeinfo>
            </srccite>
            <typesrc>Geo-spatial Relational Database</typesrc>
            <srctime>
               <timeinfo>
                  <rngdates>
                     <begdate>20130101</begdate>
                     <enddate>20130101</enddate>
                  </rngdates>
               </timeinfo>
               <srccurr>The dates describe the effective date of 2013
        cartographic boundaries.</srccurr>
            </srctime>
            <srccitea>MAF/TIGER</srccitea>
            <srccontr>All spatial and feature data</srccontr>
         </srcinfo>
         <procstep>
            <procdesc>Spatial data were extracted from the MAF/TIGER database and
        processed through a U.S. Census Bureau batch generalization system.</procdesc>
            <srcused>MAF/TIGER</srcused>
            <procdate>201404</procdate>
         </procstep>
      </lineage>
   </dataqual>
   <spdoinfo>
      <indspref>INCITS (formerly FIPS) codes.</indspref>
      <direct>Vector</direct>
      <ptvctinf>
         <sdtsterm>
            <sdtstype>G-polygon</sdtstype>
            <ptvctcnt>4</ptvctcnt>
         </sdtsterm>
      </ptvctinf>
   </spdoinfo>
   <spref>
      <horizsys>
         <geograph>
            <latres>0.000458</latres>
            <longres>0.000458</longres>
            <geogunit>Decimal degrees</geogunit>
         </geograph>
         <geodetic>
            <horizdn>North American Datum of 1983</horizdn>
            <ellips>Geodetic Reference System 80</ellips>
            <semiaxis>6378137.000000</semiaxis>
            <denflat>298.257222</denflat>
         </geodetic>
      </horizsys>
   </spref>
   <eainfo>
      <detailed>
         <enttyp>
            <enttypl>cb_2013_us_region_500k.shp</enttypl>
            <enttypd>Current Region National entities</enttypd>
            <enttypds>U.S. Census Bureau</enttypds>
         </enttyp>
         <attr>
            <attrlabl>REGIONCE</attrlabl>
            <attrdef>Current Census region code</attrdef>
            <attrdefs>U.S. Census Bureau</attrdefs>
            <attrdomv>
               <edom>
                  <edomv>1</edomv>
                  <edomvd>Northeast</edomvd>
                  <edomvds>U.S. Census Bureau</edomvds>
               </edom>
            </attrdomv>
            <attrdomv>
               <edom>
                  <edomv>2</edomv>
                  <edomvd>Midwest</edomvd>
                  <edomvds>U.S. Census Bureau</edomvds>
               </edom>
            </attrdomv>
            <attrdomv>
               <edom>
                  <edomv>3</edomv>
                  <edomvd>South</edomvd>
                  <edomvds>U.S. Census Bureau</edomvds>
               </edom>
            </attrdomv>
            <attrdomv>
               <edom>
                  <edomv>4</edomv>
                  <edomvd>West</edomvd>
                  <edomvds>U.S. Census Bureau</edomvds>
               </edom>
            </attrdomv>
         </attr>
         <attr>
            <attrlabl>AFFGEOID</attrlabl>
            <attrdef>American FactFinder summary level code + geovariant code + '00US' + GEOID</attrdef>
            <attrdefs>U.S. Census Bureau</attrdefs>
            <attrdomv>
               <codesetd>
                  <codesetn>American FactFinder geographic identifier</codesetn>
                  <codesets>U.S. Census Bureau</codesets>
               </codesetd>
            </attrdomv>
         </attr>
         <attr>
            <attrlabl>GEOID</attrlabl>
            <attrdef>Region code identifier</attrdef>
            <attrdefs>U.S. Census Bureau</attrdefs>
            <attrdomv>
               <edom>
                  <edomv>1</edomv>
                  <edomvd>Northeast</edomvd>
                  <edomvds>U.S. Census Bureau</edomvds>
               </edom>
            </attrdomv>
            <attrdomv>
               <edom>
                  <edomv>2</edomv>
                  <edomvd>Midwest</edomvd>
                  <edomvds>U.S. Census Bureau</edomvds>
               </edom>
            </attrdomv>
            <attrdomv>
               <edom>
                  <edomv>3</edomv>
                  <edomvd>South</edomvd>
                  <edomvds>U.S. Census Bureau</edomvds>
               </edom>
            </attrdomv>
            <attrdomv>
               <edom>
                  <edomv>4</edomv>
                  <edomvd>West</edomvd>
                  <edomvds>U.S. Census Bureau</edomvds>
               </edom>
            </attrdomv>
            <attrdomv>
               <edom>
                  <edomv>9</edomv>
                  <edomvd>Puerto Rico and the Island Areas</edomvd>
                  <edomvds>U.S. Census Bureau</edomvds>
               </edom>
            </attrdomv>
         </attr>
         <attr>
            <attrlabl>NAME</attrlabl>
            <attrdef>Current region name</attrdef>
            <attrdefs>U.S. Census Bureau</attrdefs>
            <attrdomv>
               <codesetd>
                  <codesetn>Census geographic region names</codesetn>
                  <codesets>U.S. Census Bureau</codesets>
               </codesetd>
            </attrdomv>
         </attr>
         <attr>
            <attrlabl>LSAD</attrlabl>
            <attrdef>Current legal/statistical area description code for
        region</attrdef>
            <attrdefs>U.S. Census Bureau</attrdefs>
            <attrdomv>
               <edom>
                  <edomv>68</edomv>
                  <edomvd>Region</edomvd>
                  <edomvds>U.S. Census Bureau</edomvds>
               </edom>
            </attrdomv>
         </attr>
         <attr>
            <attrlabl>ALAND</attrlabl>
            <attrdef>Current land area (square meters)</attrdef>
            <attrdefs>U.S. Census Bureau</attrdefs>
            <attrdomv>
               <rdom>
                  <rdommin>0</rdommin>
                  <rdommax>9,999,999,999,999</rdommax>
                  <attrunit>square meters</attrunit>
               </rdom>
            </attrdomv>
         </attr>
         <attr>
            <attrlabl>AWATER</attrlabl>
            <attrdef>Current water area (square
        meters)</attrdef>
            <attrdefs>U.S. Census Bureau</attrdefs>
            <attrdomv>
               <rdom>
                  <rdommin>0</rdommin>
                  <rdommax>9,999,999,999,999</rdommax>
                  <attrunit>square meters</attrunit>
               </rdom>
            </attrdomv>
         </attr>
      </detailed>
   </eainfo>
   <distinfo>
      <distrib>
         <cntinfo>
            <cntorgp>
               <cntorg>U.S. Department of Commerce, U.S. Census Bureau,
        Geography Division</cntorg>
            </cntorgp>
            <cntaddr>
               <addrtype>mailing</addrtype>
               <address>4600 Silver Hill Road</address>
               <city>Washington</city>
               <state>DC</state>
               <postal>20233-7400</postal>
               <country>United States</country>
            </cntaddr>
            <cntvoice>301.763.1128</cntvoice>
            <cntemail>geo.geography@census.gov</cntemail>
         </cntinfo>
      </distrib>
      <distliab>No warranty, expressed or implied is made with regard to the accuracy of
        these data, and no liability is assumed by the U.S. Government in general or the U.S. Census
        Bureau in specific as to the spatial or attribute accuracy of the data. The act of
        distribution shall not constitute any such warranty and no responsibility is assumed by the
        U.S. government in the use of these files. The boundary information is for small-scale
        mapping purposes only; boundary depiction and designation for small-scale mapping purposes
        do not constitute a determination of jurisdictional authority or rights of ownership or
        entitlement and they are not legal land descriptions.</distliab>
      <stdorder>
         <digform>
            <digtinfo>
               <formname>SHP (compressed)</formname>
               <filedec>The files were compressed using Linux-based Info-ZIP Zip 2.32. Files can be decompressed with PK-ZIP, version 1.93A or higher, WinZip or other decompression software packages.</filedec>
            </digtinfo>
            <digtopt>
               <onlinopt>
                  <computer>
                     <networka>
                        <networkr>http://www.census.gov/geo/maps-data/data/tiger.html</networkr>
                     </networka>
                  </computer>
               </onlinopt>
            </digtopt>
         </digform>
         <fees>The online cartographic boundary files may be downloaded without charge.</fees>
      </stdorder>
      <techpreq>The cartographic boundary files contain geographic data only and do not
        include display mapping software or statistical data. For information on how to use
        cartographic boundary file data with specific software package users shall contact the
        company that produced the software</techpreq>
   </distinfo>
   <metainfo>
      <metd>201404</metd>
      <metc>
         <cntinfo>
            <cntorgp>
               <cntorg>U.S. Department of Commerce, U.S. Census Bureau,
        Geography Division/Cartographic Products Branch</cntorg>
            </cntorgp>
            <cntaddr>
               <addrtype>mailing</addrtype>
               <address>4600 Silver Hill Road</address>
               <city>Washington</city>
               <state>DC</state>
               <postal>20233-7400</postal>
               <country>United States</country>
            </cntaddr>
            <cntvoice>301.763.1128</cntvoice>
            <cntfax>301.763.4710</cntfax>
            <cntemail>geo.geography@census.gov</cntemail>
         </cntinfo>
      </metc>
      <metstdn>Content Standard for Digital Geospatial
        Metadata</metstdn>
      <metstdv>FGDC-STD-001-1998</metstdv>
   </metainfo>
</metadata>
