<?xml version="1.0" encoding="ISO-8859-1"?>
<gmi:MI_Metadata xmlns:gmi="http://www.isotc211.org/2005/gmi">
   <gmd:fileIdentifier xmlns:gmd="http://www.isotc211.org/2005/gmd">
      <gco:CharacterString xmlns:gco="http://www.isotc211.org/2005/gco">cb_2013_us_region_500k.shp.xml</gco:CharacterString>
   </gmd:fileIdentifier>
   <gmd:language xmlns:gmd="http://www.isotc211.org/2005/gmd">
      <gco:CharacterString xmlns:gco="http://www.isotc211.org/2005/gco">eng</gco:CharacterString>
   </gmd:language>
   <gmd:characterSet xmlns:gmd="http://www.isotc211.org/2005/gmd">
      <gmd:MD_CharacterSetCode codeList="http://www.isotc211.org/2005/resources/Codelist/gmxCodelists.xml#MD_CharacterSetCode"
                               codeListValue="8859part1"
                               codeSpace="006">8859part1</gmd:MD_CharacterSetCode>
   </gmd:characterSet>
   <!-- This part represents a link to the Series Collection File --><gmd:parentIdentifier xmlns:gmd="http://www.isotc211.org/2005/gmd">
      <gco:CharacterString xmlns:gco="http://www.isotc211.org/2005/gco">Series Information for the 2013 Cartographic Boundary File, Region ,
        1:500,000</gco:CharacterString>
   </gmd:parentIdentifier>
   <gmd:hierarchyLevel xmlns:gmd="http://www.isotc211.org/2005/gmd">
      <gmd:MD_ScopeCode codeList="http://www.isotc211.org/2005/resources/Codelist/gmxCodelists.xml#MD_ScopeCode"
                        codeListValue="dataset">
dataset
</gmd:MD_ScopeCode>
   </gmd:hierarchyLevel>
   <gmd:contact xmlns:gmd="http://www.isotc211.org/2005/gmd"
                xmlns:xlink="http://www.w3.org/1999/xlink"
                xlink:href="https://www.ngdc.noaa.gov/docucomp/8dd6ee96-96e1-492c-be55-76cdde8f27f1"
                xlink:title="pointofContact - U.S. Department of Commerce, U.S. Census Bureau, Geography Division/Cartographic Products Branch"/>
   <gmd:dateStamp xmlns:gmd="http://www.isotc211.org/2005/gmd">
      <gco:Date xmlns:gco="http://www.isotc211.org/2005/gco">2014-04</gco:Date>
   </gmd:dateStamp>
   <gmd:metadataStandardName xmlns:gmd="http://www.isotc211.org/2005/gmd">
      <gco:CharacterString xmlns:gco="http://www.isotc211.org/2005/gco">ISO 19115 Geographic Information - Metadata </gco:CharacterString>
   </gmd:metadataStandardName>
   <gmd:metadataStandardVersion xmlns:gmd="http://www.isotc211.org/2005/gmd">
      <gco:CharacterString xmlns:gco="http://www.isotc211.org/2005/gco">2009-02-15 </gco:CharacterString>
   </gmd:metadataStandardVersion>
   <gmd:dataSetURI xmlns:gmd="http://www.isotc211.org/2005/gmd">
      <gco:CharacterString xmlns:gco="http://www.isotc211.org/2005/gco">http://www2.census.gov/geo/tiger/GENZ2013/REGION/cb_2013_us_region_500k.zip</gco:CharacterString>
   </gmd:dataSetURI>
   <!-- This is the ptvctinf/sdtsterm/sdtstype from section 3 of the FGDC
                        Standard (Spatial Data Organization) -->
                <gmd:spatialRepresentationInfo xmlns:gmd="http://www.isotc211.org/2005/gmd">
      <gmd:MD_VectorSpatialRepresentation>
         <gmd:geometricObjects>
            <gmd:MD_GeometricObjects>
               <gmd:geometricObjectType>
                  <gmd:MD_GeometricObjectTypeCode codeList="http://www.isotc211.org/2005/resources/Codelist/gmxCodelists.xml#MD_GeometricObjectTypeCode"
                                                  codeListValue="complex"
                                                  codeSpace="001">
                                                complex </gmd:MD_GeometricObjectTypeCode>
               </gmd:geometricObjectType>
               <gmd:geometricObjectCount>
                  <gco:Integer xmlns:gco="http://www.isotc211.org/2005/gco">4</gco:Integer>
               </gmd:geometricObjectCount>
            </gmd:MD_GeometricObjects>
         </gmd:geometricObjects>
      </gmd:MD_VectorSpatialRepresentation>
   </gmd:spatialRepresentationInfo>
   <!--This is the indirect spatial reference of section 3 and the Projection
               Information from Section 4 of the FGDC Standard-->
         
      <gmd:referenceSystemInfo xmlns:gmd="http://www.isotc211.org/2005/gmd">
      <gmd:MD_ReferenceSystem>
         <gmd:referenceSystemIdentifier>
            <gmd:RS_Identifier>
               <gmd:code xmlns:gco="http://www.isotc211.org/2005/gco" gco:nilReason="unknown"/>
               <gmd:codeSpace>
                  <gco:CharacterString xmlns:gco="http://www.isotc211.org/2005/gco">INCITS (formerly FIPS) codes.</gco:CharacterString>
               </gmd:codeSpace>
            </gmd:RS_Identifier>
         </gmd:referenceSystemIdentifier>
      </gmd:MD_ReferenceSystem>
   </gmd:referenceSystemInfo>
   <!-- This part represents Section 1 of the FGDC Metadata Standard -->
<gmd:identificationInfo xmlns:gmd="http://www.isotc211.org/2005/gmd">
      <gmd:MD_DataIdentification>
         <gmd:citation>
            <gmd:CI_Citation>
               <gmd:title>
                  <gco:CharacterString xmlns:gco="http://www.isotc211.org/2005/gco">2013 Cartographic Boundary File, Region for United States,
        1:500,000</gco:CharacterString>
               </gmd:title>
               <gmd:date>
                  <gmd:CI_Date>
<!-- This is the publication date -->
<gmd:date>
                        <gco:Date xmlns:gco="http://www.isotc211.org/2005/gco">201404</gco:Date>
                     </gmd:date>
                     <gmd:dateType>
                        <gmd:CI_DateTypeCode codeList="http://www.isotc211.org/2005/resources/Codelist/gmxCodelists.xml#CI_DateTypeCode"
                                             codeListValue="publication"
                                             codeSpace="002"> publication </gmd:CI_DateTypeCode>
                     </gmd:dateType>
                  </gmd:CI_Date>
               </gmd:date>
               <gmd:citedResponsibleParty xmlns:xlink="http://www.w3.org/1999/xlink"
                                          xlink:href="https://www.ngdc.noaa.gov/docucomp/ddd21bfb-2229-465b-95b2-bee36200b0e5"
                                          xlink:title="originator - U.S. Department of Commerce, U.S. Census Bureau, Geography Division/Cartographic Products Branch"/>
            </gmd:CI_Citation>
         </gmd:citation>
         <gmd:abstract>
            <gco:CharacterString xmlns:gco="http://www.isotc211.org/2005/gco">The 2013 cartographic boundary shapefiles are simplified representations of selected
        geographic areas from the U.S. Census Bureau's Master Address File / Topologically
        Integrated Geographic Encoding and Referencing (MAF/TIGER) Database (MTDB). These boundary
        files are specifically designed for small-scale thematic mapping. When possible
        generalization is performed with the intent to maintain the hierarchical relationships among
        geographies and to maintain the alignment of geographies within a file set for a given year.
        Geographic areas may not align with the same areas from another year. Some geographies are
        available as nation-based shapefiles while others are available only as state-based
        files.</gco:CharacterString>
         </gmd:abstract>
         <gmd:purpose>
            <gco:CharacterString xmlns:gco="http://www.isotc211.org/2005/gco">These files were specifically created to support small-scale thematic mapping. To
        improve the appearance of shapes at small scales, areas are represented with fewer vertices
        than detailed TIGER/Line Shapefiles. Cartographic boundary files take up less disk space
        than their ungeneralized counterparts. Cartographic boundary files take less time to render
        on screen than TIGER/Line Shapefiles. You can join this shapefile with table data downloaded
        from American FactFinder by using the AFFGEOID field in the cartographic boundary file. If
        detailed boundaries are required, please use the TIGER/Line Shapefiles instead of the
        generalized cartographic boundary files. </gco:CharacterString>
         </gmd:purpose>
         <gmd:pointOfContact xmlns:xlink="http://www.w3.org/1999/xlink"
                             xlink:href="https://www.ngdc.noaa.gov/docucomp/09b8253a-e2dc-4a6b-a905-11f1e0e87b3b"
                             xlink:title="pointOfContact - U.S. Department of Commerce, U.S. Census Bureau, Geography Division"/>

         <gmd:resourceMaintenance>
            <gmd:MD_MaintenanceInformation>
               <gmd:maintenanceAndUpdateFrequency>
                  <gmd:MD_MaintenanceFrequencyCode codeList="http://www.isotc211.org/2005/resources/Codelist/gmxCodelists.xml#MD_MaintenanceFrequencyCode"
                                                   codeListValue="notPlanned"
                                                   codeSpace="011">
                         notPlanned
                </gmd:MD_MaintenanceFrequencyCode>
               </gmd:maintenanceAndUpdateFrequency>
            </gmd:MD_MaintenanceInformation>
         </gmd:resourceMaintenance>
         <gmd:descriptiveKeywords>
            <gmd:MD_Keywords><!--before the keyword--><gmd:keyword>
                  <gco:CharacterString xmlns:gco="http://www.isotc211.org/2005/gco">2013</gco:CharacterString>
               </gmd:keyword>
               <gmd:keyword>
                  <gco:CharacterString xmlns:gco="http://www.isotc211.org/2005/gco">Cartographic Boundary</gco:CharacterString>
               </gmd:keyword>
               <gmd:keyword>
                  <gco:CharacterString xmlns:gco="http://www.isotc211.org/2005/gco">Generalized</gco:CharacterString>
               </gmd:keyword>
               <gmd:keyword>
                  <gco:CharacterString xmlns:gco="http://www.isotc211.org/2005/gco">Shapefile</gco:CharacterString>
               </gmd:keyword>
               <gmd:keyword>
                  <gco:CharacterString xmlns:gco="http://www.isotc211.org/2005/gco">Region</gco:CharacterString>
               </gmd:keyword>
               <gmd:type>
                  <gmd:MD_KeywordTypeCode codeList="http://www.isotc211.org/2005/resources/Codelist/gmxCodelists.xml#MD_KeywordTypeCode"
                                          codeListValue="theme"
                                          codeSpace="005"> theme </gmd:MD_KeywordTypeCode>
               </gmd:type>
               <gmd:thesaurusName>
                  <gmd:CI_Citation>
                     <gmd:title>
                        <gco:CharacterString xmlns:gco="http://www.isotc211.org/2005/gco">None</gco:CharacterString>
                     </gmd:title>
                     <gmd:date xmlns:gco="http://www.isotc211.org/2005/gco" gco:nilReason="unknown"/>
                  </gmd:CI_Citation>
               </gmd:thesaurusName>
            </gmd:MD_Keywords>
         </gmd:descriptiveKeywords>
         <gmd:descriptiveKeywords>
            <gmd:MD_Keywords>
               <gmd:keyword>
                  <gco:CharacterString xmlns:gco="http://www.isotc211.org/2005/gco">United States
</gco:CharacterString>
               </gmd:keyword>
               <gmd:keyword>
                  <gco:CharacterString xmlns:gco="http://www.isotc211.org/2005/gco">US
</gco:CharacterString>
               </gmd:keyword>
               <gmd:type>
                  <gmd:MD_KeywordTypeCode codeList="http://www.isotc211.org/2005/resources/Codelist/gmxCodelists.xml#MD_KeywordTypeCode"
                                          codeListValue="place"
                                          codeSpace="002"> place </gmd:MD_KeywordTypeCode>
               </gmd:type>
               <gmd:thesaurusName>
                  <gmd:CI_Citation>
                     <gmd:title>
                        <gco:CharacterString xmlns:gco="http://www.isotc211.org/2005/gco">
INCITS 38:2009
  
 
</gco:CharacterString>
                     </gmd:title>
                     <gmd:date xmlns:gco="http://www.isotc211.org/2005/gco" gco:nilReason="unknown"/>
                  </gmd:CI_Citation>
               </gmd:thesaurusName>
            </gmd:MD_Keywords>
         </gmd:descriptiveKeywords>
         <gmd:resourceConstraints>
            <gmd:MD_LegalConstraints>
               <gmd:accessConstraints>
                  <gmd:MD_RestrictionCode codeList="http://www.isotc211.org/2005/resources/Codelist/gmxCodelists.xml#MD_RestrictionCode"
                                          codeListValue="otherRestrictions"
                                          codeSpace="008 "> otherRestrictions </gmd:MD_RestrictionCode>
               </gmd:accessConstraints>
               <gmd:useConstraints>
                  <gmd:MD_RestrictionCode codeList="http://www.isotc211.org/2005/resources/Codelist/gmxCodelists.xml#MD_RestrictionCode"
                                          codeListValue="otherRestrictions"
                                          codeSpace="008 "/>
               </gmd:useConstraints>
               <gmd:otherConstraints>
                  <gco:CharacterString xmlns:gco="http://www.isotc211.org/2005/gco"> Access Constraints: None</gco:CharacterString>
               </gmd:otherConstraints>
               <gmd:otherConstraints>
                  <gco:CharacterString xmlns:gco="http://www.isotc211.org/2005/gco"> Use Constraints:The intended display scale for this file is 1:500,000. This file should not be
        displayed at scales larger than 1:500,000. These products are free to use in a product or
        publication, however acknowledgement must be given to the U.S. Census Bureau as the source.
        The boundary information is for visual display at appropriate small scales only.
        Cartographic boundary files should not be used for geographic analysis including area or
        perimeter calculation. Files should not be used for geocoding addresses. Files should not be
        used for determining precise geographic area relationships.</gco:CharacterString>
               </gmd:otherConstraints>
            </gmd:MD_LegalConstraints>
         </gmd:resourceConstraints>
            <!-- This is from the Direct Spatial Reference from Chapter 3 -->
            <gmd:spatialRepresentationType>
            <gmd:MD_SpatialRepresentationTypeCode codeList="http://www.isotc211.org/2005/resources/Codelist/gmxCodelists.xml#MD_SpatialRepresentationTypeCode"
                                                  codeListValue="vector">vector</gmd:MD_SpatialRepresentationTypeCode>
         </gmd:spatialRepresentationType>
         <gmd:language>
            <gco:CharacterString xmlns:gco="http://www.isotc211.org/2005/gco">eng</gco:CharacterString>
         </gmd:language>
         <gmd:characterSet>
            <gmd:MD_CharacterSetCode codeList="http://www.isotc211.org/2005/resources/Codelist/gmxCodelists.xml#MD_CharacterSetCode"
                                     codeListValue="8859part1"
                                     codeSpace="006">8859part1</gmd:MD_CharacterSetCode>
         </gmd:characterSet>
         <gmd:topicCategory>
            <gmd:MD_TopicCategoryCode>boundaries</gmd:MD_TopicCategoryCode>
         </gmd:topicCategory>
         <gmd:environmentDescription>
            <gco:CharacterString xmlns:gco="http://www.isotc211.org/2005/gco">The cartographic boundary files contain geographic data only and do not
        include display mapping software or statistical data. For information on how to use
        cartographic boundary file data with specific software package users shall contact the
        company that produced the software</gco:CharacterString>
         </gmd:environmentDescription>
         <gmd:extent>
            <gmd:EX_Extent id="boundingExtent">
               <gmd:geographicElement>
                  <gmd:EX_GeographicBoundingBox id="boundingGeographicBoundingBox">
                     <gmd:westBoundLongitude>
                        <gco:Decimal xmlns:gco="http://www.isotc211.org/2005/gco">172.000000</gco:Decimal>
                     </gmd:westBoundLongitude>
                     <gmd:eastBoundLongitude>
                        <gco:Decimal xmlns:gco="http://www.isotc211.org/2005/gco">-65.221527</gco:Decimal>
                     </gmd:eastBoundLongitude>
                     <gmd:southBoundLatitude>
                        <gco:Decimal xmlns:gco="http://www.isotc211.org/2005/gco">-14.605210 </gco:Decimal>
                     </gmd:southBoundLatitude>
                     <gmd:northBoundLatitude>
                        <gco:Decimal xmlns:gco="http://www.isotc211.org/2005/gco">71.342941</gco:Decimal>
                     </gmd:northBoundLatitude>
                  </gmd:EX_GeographicBoundingBox>
               </gmd:geographicElement>
               <gmd:temporalElement>
                  <gmd:EX_TemporalExtent id="boundingTemporalExtent">
                     <gmd:extent>
                        <gml:TimePeriod xmlns:gml="http://www.opengis.net/gml/3.2" gml:id="boundingTemporalExtentA">
                           <gml:description>publication date</gml:description>
                           <gml:beginPosition>2014-04</gml:beginPosition>
                           <gml:endPosition>2014-04</gml:endPosition>
                        </gml:TimePeriod>
                     </gmd:extent>
                  </gmd:EX_TemporalExtent>
               </gmd:temporalElement>
            </gmd:EX_Extent>
         </gmd:extent>
      </gmd:MD_DataIdentification>
   </gmd:identificationInfo>
   <!--This section provides the link for the file containing the Entity and
                        Attribute Information. -->
<gmd:contentInfo xmlns:gmd="http://www.isotc211.org/2005/gmd">
      <gmd:MD_FeatureCatalogueDescription>
         <gmd:includedWithDataset>
            <gco:Boolean xmlns:gco="http://www.isotc211.org/2005/gco">true</gco:Boolean>
         </gmd:includedWithDataset>
         <gmd:featureCatalogueCitation>
            <gmd:CI_Citation>
               <gmd:title>
                  <gco:CharacterString xmlns:gco="http://www.isotc211.org/2005/gco">Feature Catalog for the Region for United States 2013 Cartographic Boundary File</gco:CharacterString>
               </gmd:title>
               <gmd:date>
                  <gmd:CI_Date>

                     <gmd:date xmlns:gco="http://www.isotc211.org/2005/gco" gco:nilReason="missing "/>
                     <gmd:dateType>
                        <gmd:CI_DateTypeCode codeList="http://www.isotc211.org/2005/resources/Codelist/gmxCodelists.xml#CI_DateTypeCode"
                                             codeListValue="publication"
                                             codeSpace="002"/>
                     </gmd:dateType>
                  </gmd:CI_Date>
               </gmd:date>
               <gmd:citedResponsibleParty xmlns:xlink="http://www.w3.org/1999/xlink"
                                          xlink:href="https://www.ngdc.noaa.gov/docucomp/1df27e57-4768-42de-909b-52f530601fba"
                                          xlink:title="U.S Department of Commerce, U.S Census Bureau, Geography Division (distributor)"/>
               <gmd:otherCitationDetails>
                  <gco:CharacterString xmlns:gco="http://www.isotc211.org/2005/gco">http://meta.geo.census.gov/data/existing/decennial/GEO/CPMB/boundary/2013gz/region_500k/2013_region_500k.ea.iso.xml</gco:CharacterString>
               </gmd:otherCitationDetails>
            </gmd:CI_Citation>
         </gmd:featureCatalogueCitation>
      </gmd:MD_FeatureCatalogueDescription>
   </gmd:contentInfo>
   <gmd:distributionInfo xmlns:gmd="http://www.isotc211.org/2005/gmd">
      <gmd:MD_Distribution>
         <gmd:distributionFormat>
            <gmd:MD_Format>
               <gmd:name>
                  <gco:CharacterString xmlns:gco="http://www.isotc211.org/2005/gco">SHP (compressed)</gco:CharacterString>
               </gmd:name>
               <gmd:version xmlns:gco="http://www.isotc211.org/2005/gco" gco:nilReason="unknown"/>
               <gmd:fileDecompressionTechnique>
                  <gco:CharacterString xmlns:gco="http://www.isotc211.org/2005/gco">The cartographic boundary files contain geographic data only and do not
        include display mapping software or statistical data. For information on how to use
        cartographic boundary file data with specific software package users shall contact the
        company that produced the software</gco:CharacterString>
               </gmd:fileDecompressionTechnique>
            </gmd:MD_Format>
         </gmd:distributionFormat>
         <gmd:distributor>
            <gmd:MD_Distributor>
               <gmd:distributorContact xmlns:xlink="http://www.w3.org/1999/xlink"
                                       xlink:href="https://www.ngdc.noaa.gov/docucomp/1df27e57-4768-42de-909b-52f530601fba"
                                       xlink:title="U.S Department of Commerce, U.S Census Bureau, Geography Division (distributor)"/>
               <gmd:distributionOrderProcess>
                  <gmd:MD_StandardOrderProcess>
                     <gmd:fees>
                        <gco:CharacterString xmlns:gco="http://www.isotc211.org/2005/gco">The online cartographic boundary files may be downloaded without charge.</gco:CharacterString>
                     </gmd:fees>
                  </gmd:MD_StandardOrderProcess>
               </gmd:distributionOrderProcess>
            </gmd:MD_Distributor>
         </gmd:distributor>
         <gmd:transferOptions>
            <gmd:MD_DigitalTransferOptions>
               <gmd:onLine>
                  <gmd:CI_OnlineResource>
                     <gmd:linkage>
                        <gmd:URL>http://www.census.gov/geo/maps-data/data/tiger.html</gmd:URL>
                     </gmd:linkage>
                  </gmd:CI_OnlineResource>
               </gmd:onLine>
            </gmd:MD_DigitalTransferOptions>
         </gmd:transferOptions>
      </gmd:MD_Distribution>
   </gmd:distributionInfo>
   <gmd:dataQualityInfo xmlns:gmd="http://www.isotc211.org/2005/gmd">
      <gmd:DQ_DataQuality>
         <gmd:scope>
            <gmd:DQ_Scope>
               <gmd:level>
                  <gmd:MD_ScopeCode codeList="http://www.isotc211.org/2005/resources/Codelist/gmxCodelists.xml#MD_ScopeCode"
                                    codeListValue="dataset"
                                    codeSpace="005"> dataset </gmd:MD_ScopeCode>
               </gmd:level>
            </gmd:DQ_Scope>
         </gmd:scope>
         <gmd:report>
            <gmd:DQ_AbsoluteExternalPositionalAccuracy>
               <gmd:nameOfMeasure>
                  <gco:CharacterString xmlns:gco="http://www.isotc211.org/2005/gco">Horizontal Positional
                           Accuracy</gco:CharacterString>
               </gmd:nameOfMeasure>
               <gmd:measureDescription>
                  <gco:CharacterString xmlns:gco="http://www.isotc211.org/2005/gco"/>
               </gmd:measureDescription>
               <gmd:evaluationMethodDescription>
                  <gco:CharacterString xmlns:gco="http://www.isotc211.org/2005/gco">Data are not accurate. Data are generalized
        representations of geographic boundaries at
        1:500,000.</gco:CharacterString>
               </gmd:evaluationMethodDescription>
               <gmd:result>
                  <gmd:DQ_QuantitativeResult>
                     <gmd:valueUnit>
                        <gml:BaseUnit xmlns:gml="http://www.opengis.net/gml/3.2" gml:id="meters">
                           <gml:identifier codeSpace="meters ">
                                          meters</gml:identifier>
                           <gml:unitsSystem xmlns:xlink="http://www.w3.org/1999/xlink"
                                            xlink:href="http://www.bipm.org/en/si/ "/>
                        </gml:BaseUnit>
                     </gmd:valueUnit>
                     <gmd:value>
                        <gco:Record xmlns:gco="http://www.isotc211.org/2005/gco">Missing </gco:Record>
                     </gmd:value>
                  </gmd:DQ_QuantitativeResult>
               </gmd:result>
            </gmd:DQ_AbsoluteExternalPositionalAccuracy>
         </gmd:report>
         <gmd:report>
            <gmd:DQ_CompletenessCommission>
               <gmd:result xmlns:gco="http://www.isotc211.org/2005/gco" gco:nilReason="unknown"/>
            </gmd:DQ_CompletenessCommission>
         </gmd:report>
         <gmd:report>
            <gmd:DQ_CompletenessOmission>
               <gmd:evaluationMethodDescription>
                  <gco:CharacterString xmlns:gco="http://www.isotc211.org/2005/gco">The cartographic boundary files are generalized representations of extracts
        taken from the MAF/TIGER Database. Generalized boundary files are clipped to a simplified
        version of the U.S. outline. As a result, some off-shore areas may be excluded from the
        generalized files. Some small holes or discontiguous parts of areas are not included in
        generalized files.</gco:CharacterString>
               </gmd:evaluationMethodDescription>
               <gmd:result xmlns:gco="http://www.isotc211.org/2005/gco" gco:nilReason="unknown"/>
            </gmd:DQ_CompletenessOmission>
         </gmd:report>
         <gmd:report>
            <gmd:DQ_ConceptualConsistency>
               <gmd:measureDescription>
                  <gco:CharacterString xmlns:gco="http://www.isotc211.org/2005/gco">The Census Bureau performed automated tests to ensure logical
        consistency of the source database. Segments making up the outer and inner boundaries of a
        polygon tie end-to-end to completely enclose the area. All polygons were tested for closure.
        The Census Bureau uses its internally developed geographic update system to enhance and
        modify spatial and attribute data in the Census MAF/TIGER database. Standard geographic
        codes, such as FIPS codes for states, counties, municipalities, county subdivisions, places,
        American Indian/Alaska Native/Native Hawaiian areas, and congressional districts are used
        when encoding spatial entities. The Census Bureau performed spatial data tests for logical
        consistency of the codes during the compilation of the original Census MAF/TIGER database
        files. Feature attribute information has been examined but has not been fully tested for
        consistency. For the cartographic boundary shapefiles, the Point and Vector Object Count for
        the G-polygon SDTS Point and Vector Object Type reflects the number of records in the
        shapefile attribute table. For multi-polygon features, only one attribute record exists for
        each multi-polygon rather than one attribute record per individual G-polygon component of
        the multi-polygon feature. TIGER/Line Shapefile multi-polygons are an exception to the
        G-polygon object type classification. Therefore, when multi-polygons exist in a shapefile,
        the object count will be less than the actual number of
        G-polygons.</gco:CharacterString>
               </gmd:measureDescription>
               <gmd:result xmlns:gco="http://www.isotc211.org/2005/gco" gco:nilReason="unknown"/>
            </gmd:DQ_ConceptualConsistency>
         </gmd:report>
         <gmd:lineage>
            <gmd:LI_Lineage>
               <gmd:processStep>
                  <gmd:LI_ProcessStep>
                     <gmd:description>
                        <gco:CharacterString xmlns:gco="http://www.isotc211.org/2005/gco">Spatial data were extracted from the MAF/TIGER database and
        processed through a U.S. Census Bureau batch generalization system.</gco:CharacterString>
                     </gmd:description>
                     <gmd:dateTime>
                        <gco:DateTime xmlns:gco="http://www.isotc211.org/2005/gco">2014-04-01T00:00:00</gco:DateTime>
                     </gmd:dateTime>
                     <gmd:source>
                        <gmd:LI_Source>
                           <gmd:description>
                              <gco:CharacterString xmlns:gco="http://www.isotc211.org/2005/gco">Geo-spatial Relational Database</gco:CharacterString>
                           </gmd:description>
                           <gmd:sourceCitation>
                              <gmd:CI_Citation>
                                 <gmd:title>
                                    <gco:CharacterString xmlns:gco="http://www.isotc211.org/2005/gco">MAF/TIGER</gco:CharacterString>
                                 </gmd:title>
                                 <gmd:date>
                                    <gmd:CI_Date>
                                       <gmd:date>
                                          <gco:Date xmlns:gco="http://www.isotc211.org/2005/gco">201404</gco:Date>
                                       </gmd:date>
                                       <gmd:dateType>
                                          <gmd:CI_DateTypeCode codeList="http://www.isotc211.org/2005/resources/Codelist/gmxCodelists.xml#CI_DateTypeCode"
                                                               codeListValue="revision"
                                                               codeSpace="003">
                                                revision </gmd:CI_DateTypeCode>
                                       </gmd:dateType>
                                    </gmd:CI_Date>
                                 </gmd:date>
                              </gmd:CI_Citation>
                           </gmd:sourceCitation>
                        </gmd:LI_Source>
                     </gmd:source>
                  </gmd:LI_ProcessStep>
               </gmd:processStep>
            </gmd:LI_Lineage>
         </gmd:lineage>
      </gmd:DQ_DataQuality>
   </gmd:dataQualityInfo>
   <gmd:metadataMaintenance xmlns:gmd="http://www.isotc211.org/2005/gmd">
      <gmd:MD_MaintenanceInformation>
         <gmd:maintenanceAndUpdateFrequency>
            <gmd:MD_MaintenanceFrequencyCode codeList="http://www.isotc211.org/2005/resources/Codelist/gmxCodelists.xml#MD_MaintenanceFrequencyCode"
                                             codeListValue="notPlanned"
                                             codeSpace="011">
                         notPlanned
                </gmd:MD_MaintenanceFrequencyCode>
         </gmd:maintenanceAndUpdateFrequency>
         <gmd:maintenanceNote>
            <gco:CharacterString xmlns:gco="http://www.isotc211.org/2005/gco">This was transformed from the Census Metadata Import
      Format</gco:CharacterString>
         </gmd:maintenanceNote>
         <gmd:contact xmlns:xlink="http://www.w3.org/1999/xlink"
                      xlink:href="https://www.ngdc.noaa.gov/docucomp/e2a02c3c-01bf-42e7-bee9-0f64f2ef611c "
                      xlink:title="U.S. Department of Commerce, U.S. Census Bureau, Geography Division/Cartographic Products Branch  (custodian) "/>
      </gmd:MD_MaintenanceInformation>
   </gmd:metadataMaintenance>
</gmi:MI_Metadata>